ISO code,Sex,Age,Height,Weight,Continent,World Bank,Wasting,Overweight,Stunting,Underweight,Status
USA,1,5,70,12,Northern America,High Income,0.8,8.1,3.2,1.1,Overweight
BRB,0,4,70,12,Latin America and the Caribbean,High Income,6.8,12.2,7.7,3.5,Overweight
LBY,1,4,70,9,Africa,Upper Middle Income,6.5,22.4,21,5.6,Overweight
AZE,1,5,70,19,Asia,Upper Middle Income,3.1,13,18,4.9,Stunting
SEN,1,5,70,13,Africa,Low Income,9.4,4,33.7,21.9,Stunting
COL,1,4,70,19,Latin America and the Caribbean,Upper Middle Income,1.7,4.5,19.7,6.3,Stunting
GIN,0,4,70,16,Africa,Low Income,10.8,5.1,39.3,22.5,Stunting
MRT,1,4,70,11,Africa,Lower Middle Income,13.9,3.2,29.7,24.4,Stunting
CAF,1,3,70,12,Africa,Low Income,12.2,8.5,45.1,28,Stunting
RWA,1,3,70,20,Africa,Low Income,8.7,7.2,48.3,20.3,Stunting
VNM,1,3,70,16,Asia,Lower Middle Income,6.4,5.3,24.6,14.1,Stunting
NAM,0,2,70,9,Africa,Upper Middle Income,7.5,4.6,29.6,17.5,Stunting
STP,1,2,70,9,Africa,Lower Middle Income,6,,32,14.5,Stunting
VNM,0,1,70,12,Asia,Lower Middle Income,6.8,3.5,24.9,14.5,Stunting
JAM,0,4,71,14,Latin America and the Caribbean,Upper Middle Income,3,7.8,5.7,2.5,Overweight
GEO,1,2,71,14,Asia,Lower Middle Income,1.6,19.9,11.3,1.1,Overweight
PRY,1,2,71,16,Latin America and the Caribbean,Upper Middle Income,1,12.4,5.6,1.3,Overweight
BLR,1,1,71,14,Europe,Upper Middle Income,2.2,9.7,4.5,1.3,Overweight
COL,1,5,71,19,Latin America and the Caribbean,Upper Middle Income,3.8,,21.8,8.8,Stunting
DOM,0,5,71,12,Latin America and the Caribbean,Upper Middle Income,2.2,8.6,11.7,4.2,Stunting
MWI,0,5,71,17,Africa,Low Income,6.8,8.8,54.6,21.5,Stunting
MOZ,1,5,71,15,Africa,Low Income,9.8,5.9,48.7,26.3,Stunting
NGA,1,5,71,17,Africa,Lower Middle Income,7.9,1.8,32.9,19.8,Stunting
VNM,1,4,71,17,Asia,Lower Middle Income,11.1,,61.3,40.7,Stunting
ZMB,1,4,71,12,Africa,Lower Middle Income,6.3,6.2,40,14.8,Stunting
BGD,1,3,71,11,Asia,Lower Middle Income,14.6,0.9,50.5,42.7,Stunting
KHM,1,3,71,10,Asia,Lower Middle Income,16.9,4,49.2,39.5,Stunting
ECU,0,3,71,20,Latin America and the Caribbean,Upper Middle Income,2.1,5.2,25.9,6.8,Stunting
IND,1,3,71,16,Asia,Lower Middle Income,18.4,5.9,45.9,38.4,Stunting
NAM,0,3,71,15,Africa,Upper Middle Income,7.1,4.1,23.1,13.2,Stunting
SDN,1,3,71,10,Africa,Lower Middle Income,15.3,1.5,34.1,29.7,Stunting
ALB,1,2,71,13,Europe,Upper Middle Income,7.3,25.2,27,6.6,Stunting
KHM,0,2,71,13,Asia,Lower Middle Income,9.6,2,32.4,23.9,Stunting
MOZ,1,2,71,16,Africa,Low Income,6.1,7.9,43.1,15.6,Stunting
PER,0,2,71,18,Latin America and the Caribbean,Upper Middle Income,1.9,9.3,37.3,8.8,Stunting
PER,1,2,71,18,Latin America and the Caribbean,Upper Middle Income,0.4,8.9,19.6,4.2,Stunting
TZA,1,2,71,19,Africa,Low Income,4.9,5.5,42.5,16.2,Stunting
IND,1,1,71,11,Asia,Lower Middle Income,19.9,2.9,57.7,51.2,Stunting
TLS,1,1,71,9,Asia,Lower Middle Income,14.3,,54.8,41.5,Stunting
CRI,1,5,71,20,Latin America and the Caribbean,Upper Middle Income,,,,2.2,Underweight
JAM,1,5,72,10,Latin America and the Caribbean,Upper Middle Income,4.5,7.5,4.5,3.1,Overweight
BLZ,1,4,72,14,Latin America and the Caribbean,Upper Middle Income,3.3,7.9,19.3,6.2,Stunting
KGZ,0,4,72,9,Asia,Lower Middle Income,2.8,7,12.9,2.8,Stunting
TJK,0,4,72,16,Asia,Lower Middle Income,19.4,,43.2,,Stunting
CIV,1,3,72,11,Africa,Lower Middle Income,14,4.9,39,29.4,Stunting
ERI,1,3,72,19,Africa,Low Income,11.8,,69.6,36.9,Stunting
HTI,1,3,72,11,Latin America and the Caribbean,Low Income,9.4,4.3,37.2,24,Stunting
MLI,1,3,72,11,Africa,Low Income,8.9,1,27.8,18.9,Stunting
YEM,0,3,72,16,Asia,Lower Middle Income,16.3,2,46.5,16.3,Stunting
NIC,1,2,72,11,Latin America and the Caribbean,Lower Middle Income,1.5,6.2,23,5.7,Stunting
SLE,0,2,72,12,Africa,Low Income,11.6,4.7,38.4,24.7,Stunting
CMR,0,1,72,13,Africa,Lower Middle Income,5.2,6.7,31.7,14.8,Stunting
MAR,1,1,72,16,Africa,Lower Middle Income,2.3,10.7,14.9,3.1,Stunting
BOL,0,2,72,11,Latin America and the Caribbean,Lower Middle Income,,,,9.7,Underweight
CHL,0,2,73,19,Latin America and the Caribbean,High Income,0.5,11.9,3.1,0.7,Overweight
CHL,0,2,73,19,Latin America and the Caribbean,High Income,0.5,12.1,2.5,0.6,Overweight
KAZ,0,1,73,9,Asia,Upper Middle Income,3.1,9.3,8,2,Overweight
BGD,0,5,73,11,Asia,Lower Middle Income,9.6,1.6,42,31.9,Stunting
URY,0,5,73,13,Latin America and the Caribbean,High Income,,,21,6.5,Stunting
UZB,1,5,73,15,Asia,Lower Middle Income,8.9,11.1,25.3,7.1,Stunting
PSE,0,5,73,11,Asia,Lower Middle Income,3.3,5.3,10.9,3.7,Stunting
COG,1,4,73,10,Africa,Lower Middle Income,8,8.5,31.2,11.8,Stunting
MDV,0,4,73,13,Asia,Upper Middle Income,19.9,9.8,43,36.7,Stunting
EGY,0,3,73,12,Africa,Lower Middle Income,5.2,9.2,20.3,8.7,Stunting
JOR,0,3,73,17,Asia,Lower Middle Income,2.4,4.4,11.1,3.8,Stunting
PAK,1,3,73,18,Asia,Lower Middle Income,17.2,1.6,42.7,35.3,Stunting
BGD,0,2,73,13,Asia,Lower Middle Income,11.9,0.8,45.1,37.9,Stunting
ERI,1,2,73,12,Africa,Low Income,17,1.3,47.8,39.6,Stunting
SDN,0,2,73,19,Africa,Lower Middle Income,14.5,4.2,38.3,27,Stunting
CMR,0,1,73,9,Africa,Lower Middle Income,6.2,8.2,38.2,17.3,Stunting
MEX,1,1,73,17,Latin America and the Caribbean,Upper Middle Income,8.5,,25.8,10.3,Stunting
GUY,1,4,73,20,Latin America and the Caribbean,Upper Middle Income,,,,16.1,Underweight
LBN,0,2,74,17,Asia,Upper Middle Income,6.6,16.7,16.5,4.2,Overweight
TON,0,2,74,11,Oceania,Upper Middle Income,5.2,17.3,8.1,1.9,Overweight
MWI,0,5,74,13,Africa,Low Income,2.7,4.5,37.1,11.7,Stunting
AZE,0,4,74,10,Asia,Upper Middle Income,9,6.2,24.1,14,Stunting
GIN,1,4,74,11,Africa,Low Income,8.1,4,32.4,18.3,Stunting
VNM,1,4,74,17,Asia,Lower Middle Income,10.7,2.6,33.2,22.7,Stunting
MWI,1,3,74,14,Africa,Low Income,4.1,9.2,47.8,13.8,Stunting
MRT,1,3,74,15,Africa,Lower Middle Income,8.1,1,23,15.9,Stunting
BOL,0,2,74,20,Latin America and the Caribbean,Lower Middle Income,2,10.1,16.1,3.4,Stunting
COM,1,2,74,18,Africa,Low Income,10.7,5.3,40,21.1,Stunting
MDG,0,2,74,17,Africa,Low Income,,,49.2,,Stunting
NPL,1,2,74,15,Asia,Low Income,11.3,2.1,37.4,30.1,Stunting
SGP,1,2,74,20,Asia,High Income,3.6,2.6,4.4,3.3,Stunting
BGD,1,1,74,20,Asia,Lower Middle Income,18.1,2.6,38.7,35.1,Stunting
IND,1,1,74,13,Asia,Lower Middle Income,20.3,,62.7,55.5,Stunting
RWA,0,1,74,11,Africa,Low Income,1.7,,36.7,8.1,Stunting
SYC,1,1,74,19,Africa,High Income,2.7,5.8,7.7,5,Stunting
BRA,1,5,74,11,Latin America and the Caribbean,Upper Middle Income,,,,3.7,Underweight
MYS,0,3,74,13,Asia,Upper Middle Income,,,,19.7,Underweight
LKA,1,3,74,18,Asia,Lower Middle Income,15.5,1,18.4,22.8,Underweight
CHL,0,5,75,13,Latin America and the Caribbean,High Income,0.5,10.7,3.7,0.7,Overweight
JAM,1,5,75,16,Latin America and the Caribbean,Upper Middle Income,2.3,8.5,3.8,1.8,Overweight
CHN,1,5,75,15,Asia,Upper Middle Income,2.6,5.8,9.8,3.8,Stunting
TKM,1,5,75,14,Asia,Upper Middle Income,4.2,5.9,11.5,3.2,Stunting
UGA,1,5,75,19,Africa,Low Income,4.8,3.8,33.7,14.1,Stunting
VEN,1,5,75,11,Latin America and the Caribbean,Upper Middle Income,5.7,4,18.6,6.7,Stunting
GNB,1,4,75,20,Africa,Low Income,5.8,3.2,32.2,18.1,Stunting
JAM,0,4,75,14,Latin America and the Caribbean,Upper Middle Income,5.3,,9.1,4,Stunting
MDG,0,4,75,12,Africa,Low Income,16.4,,54.1,40.9,Stunting
MYS,0,4,75,13,Asia,Upper Middle Income,15.3,5.5,20.7,16.7,Stunting
PAK,1,4,75,16,Asia,Lower Middle Income,14.2,4.8,41.5,31.3,Stunting
BFA,0,3,75,14,Africa,Low Income,21.2,5.4,43.1,35.2,Stunting
THA,0,3,75,11,Asia,Upper Middle Income,5.7,1.3,24.6,20.2,Stunting
YEM,0,3,75,13,Asia,Lower Middle Income,13.3,1.5,46.6,35.5,Stunting
BOL,1,2,75,19,Latin America and the Caribbean,Lower Middle Income,1.5,7.4,44,7.8,Stunting
JAM,0,2,75,9,Latin America and the Caribbean,Upper Middle Income,2.9,5.2,8.3,3.4,Stunting
TKM,0,2,75,13,Asia,Upper Middle Income,7.1,,28.1,10.5,Stunting
BHR,0,1,75,11,Asia,High Income,6.8,7.5,13.9,6.3,Stunting
BWA,1,1,75,9,Africa,Upper Middle Income,6,10.4,29.1,10.7,Stunting
THA,0,1,75,10,Asia,Upper Middle Income,6.7,10.9,16.3,9.2,Stunting
TUV,0,1,75,16,Oceania,Upper Middle Income,3.3,6.3,10,1.6,Stunting
NER,1,3,75,15,Africa,Low Income,25.3,,43.8,45,Underweight
CRI,1,2,75,15,Latin America and the Caribbean,Upper Middle Income,,,,2.4,Underweight
VEN,1,2,76,9,Latin America and the Caribbean,Upper Middle Income,2.2,9,7,3.9,Overweight
HTI,1,5,76,12,Latin America and the Caribbean,Low Income,5.6,3.1,28.3,13.9,Stunting
MDG,1,5,76,13,Africa,Low Income,6.4,1.6,60.9,35.5,Stunting
SEN,1,5,76,12,Africa,Low Income,7.8,1,20.5,15.5,Stunting
CHN,0,4,76,11,Asia,Upper Middle Income,2.9,5.9,11.7,4.5,Stunting
DJI,0,4,76,20,Africa,Lower Middle Income,19.4,8.4,26.5,25.4,Stunting
GNQ,1,4,76,15,Africa,Upper Middle Income,2.8,8.3,35,10.6,Stunting
IRQ,1,4,76,15,Asia,Upper Middle Income,7.4,11.8,22.6,8.5,Stunting
LSO,0,4,76,9,Africa,Lower Middle Income,3.9,7.3,39,13.5,Stunting
MDG,1,4,76,14,Africa,Low Income,9,,55.2,30.4,Stunting
URY,0,4,76,9,Latin America and the Caribbean,High Income,2.3,9,12.8,4.7,Stunting
AGO,1,3,76,18,Africa,Lower Middle Income,8.2,,29.2,15.6,Stunting
KEN,0,3,76,13,Africa,Lower Middle Income,7.1,5.9,40.2,20.1,Stunting
PAN,0,3,76,13,Latin America and the Caribbean,Upper Middle Income,1.4,6.2,21.5,6.3,Stunting
YEM,1,3,76,12,Asia,Lower Middle Income,17.4,6.9,50.4,34.2,Stunting
MWI,1,2,76,10,Africa,Low Income,4.2,11.3,53.2,15.5,Stunting
SEN,1,2,76,10,Africa,Low Income,8.9,1.5,19.2,16.8,Stunting
SLE,1,2,76,19,Africa,Low Income,8.4,,41.4,23.7,Stunting
DOM,1,1,76,9,Latin America and the Caribbean,Upper Middle Income,3.3,3.8,20.4,8.7,Stunting
NAM,0,1,76,19,Africa,Upper Middle Income,10,3.3,29.5,20.3,Stunting
LKA,0,5,76,19,Asia,Lower Middle Income,15.1,2,17.3,20.5,Underweight
BRA,0,4,77,20,Latin America and the Caribbean,Upper Middle Income,1.6,7.3,7.1,2.2,Overweight
LBN,0,1,77,14,Asia,Upper Middle Income,3.6,20.8,17.2,3.5,Overweight
JAM,0,5,77,9,Latin America and the Caribbean,Upper Middle Income,2.9,6.2,11.9,4.5,Stunting
MMR,0,5,77,17,Asia,Lower Middle Income,9.2,,58.7,31.2,Stunting
NGA,0,5,77,14,Africa,Lower Middle Income,10.8,1.5,43.6,31.5,Stunting
ROU,1,5,77,9,Europe,Upper Middle Income,3.3,4,11.2,5,Stunting
SYR,0,5,77,18,Asia,Lower Middle Income,10.3,18.7,28.6,10,Stunting
THA,1,5,77,17,Asia,Upper Middle Income,7.3,,21.1,16.3,Stunting
TON,0,5,77,14,Oceania,Upper Middle Income,1.3,,2.2,,Stunting
UGA,1,4,77,10,Africa,Low Income,6.3,4.9,38.7,16.4,Stunting
EGY,0,3,77,20,Africa,Lower Middle Income,7.5,,30.9,10.2,Stunting
EGY,1,3,77,15,Africa,Lower Middle Income,6.4,,26.3,9.4,Stunting
LAO,0,3,77,12,Asia,Lower Middle Income,11.8,,53.6,39.8,Stunting
MRT,1,3,77,19,Africa,Lower Middle Income,13.4,2.3,28.9,23.2,Stunting
PAN,0,3,77,16,Latin America and the Caribbean,Upper Middle Income,1.2,,19.1,3.9,Stunting
URY,1,3,77,15,Latin America and the Caribbean,High Income,2.5,7.9,10.8,4.2,Stunting
CHN,0,2,77,12,Asia,Upper Middle Income,4.2,5.3,32.3,12.6,Stunting
IND,1,2,77,14,Asia,Lower Middle Income,21,2.1,38.4,35.7,Stunting
LBR,0,2,77,16,Africa,Low Income,5.6,3.2,32.1,15.3,Stunting
MRT,1,2,77,12,Africa,Lower Middle Income,8.7,,49.8,20.3,Stunting
COM,0,1,77,10,Africa,Low Income,11.1,10.9,32.1,16.9,Stunting
SLV,0,1,77,11,Latin America and the Caribbean,Lower Middle Income,1.5,3.9,32.3,9.6,Stunting
WSM,0,1,77,18,Oceania,Upper Middle Income,1.3,6.2,6.4,1.7,Stunting
VNM,1,1,77,19,Asia,Lower Middle Income,11,1.8,43.7,31.1,Stunting
VNM,0,1,77,10,Asia,Lower Middle Income,8.9,2.6,37.5,23.4,Stunting
MDV,1,2,77,20,Asia,Upper Middle Income,18.9,2.2,33,39,Underweight
KWT,1,5,78,9,Asia,High Income,2.2,11,4,2.2,Overweight
KWT,1,5,78,20,Asia,High Income,2.8,8.7,4.6,2.7,Overweight
USA,0,5,78,12,Northern America,High Income,0.5,6,2.1,0.5,Overweight
GEO,1,4,78,13,Asia,Lower Middle Income,3,21,14.7,2.3,Overweight
SEN,1,5,78,12,Africa,Low Income,5.8,1.3,19.4,12.8,Stunting
DZA,0,4,78,17,Africa,Upper Middle Income,4,12.9,15.9,3.7,Stunting
BGD,0,4,78,18,Asia,Lower Middle Income,11.8,1,45.9,37.3,Stunting
CPV,1,4,78,15,Africa,Lower Middle Income,6.9,,21.4,11.8,Stunting
MMR,0,4,78,11,Asia,Lower Middle Income,7,1.3,29.2,18.9,Stunting
STP,1,4,78,11,Africa,Lower Middle Income,4,2.4,17.2,8.8,Stunting
SLV,1,3,78,19,Latin America and the Caribbean,Lower Middle Income,1.6,5.7,20.6,6.6,Stunting
VUT,0,3,78,20,Oceania,Lower Middle Income,5.9,4.7,25.9,11.7,Stunting
ALB,0,2,78,16,Europe,Upper Middle Income,8.1,9.5,20.4,7.1,Stunting
MAR,0,2,78,14,Africa,Lower Middle Income,10.8,13.3,23.1,9.9,Stunting
RWA,0,2,78,10,Africa,Low Income,4.8,6.7,51.7,18,Stunting
BGD,0,1,78,13,Asia,Lower Middle Income,16.1,0.2,71.5,60.6,Stunting
BRN,0,1,78,13,Asia,High Income,2.9,8.3,19.7,9.6,Stunting
HND,0,1,78,14,Latin America and the Caribbean,Lower Middle Income,1.4,5.8,29.9,8.6,Stunting
LAO,0,1,78,10,Asia,Lower Middle Income,7.3,1.3,47.6,31.6,Stunting
MDG,0,1,78,19,Africa,Low Income,8.9,2.2,58.2,38,Stunting
ZWE,1,1,78,13,Africa,Low Income,3.3,3.6,27.6,11.2,Stunting
BIH,0,3,79,20,Europe,Upper Middle Income,2.3,17.4,8.9,1.5,Overweight
SRB,0,3,79,16,Europe,Upper Middle Income,3.9,13.9,6,1.8,Overweight
CHL,0,1,79,14,Latin America and the Caribbean,High Income,0.5,11.7,2.2,0.6,Overweight
USA,1,1,79,11,Northern America,High Income,0.7,5.4,3.2,0.9,Overweight
CUB,0,5,79,13,Latin America and the Caribbean,Upper Middle Income,2.4,,7,3.4,Stunting
SDN,1,5,79,14,Africa,Lower Middle Income,16.3,3,38.2,33,Stunting
COD,0,4,79,12,Africa,Low Income,11.4,,51,30.7,Stunting
MEX,0,4,79,16,Latin America and the Caribbean,Upper Middle Income,7.4,6.1,28.7,12.4,Stunting
MNG,1,4,79,19,Asia,Lower Middle Income,1,10.5,10.8,1.6,Stunting
SEN,0,4,79,9,Africa,Low Income,7.2,0.9,17,13.5,Stunting
TJK,1,4,79,15,Asia,Lower Middle Income,8.7,6.7,33.1,14.9,Stunting
CMR,0,3,79,10,Africa,Lower Middle Income,5.8,6.5,32.6,15.1,Stunting
IRN,0,3,79,16,Asia,Upper Middle Income,6.1,6.9,20.4,9.5,Stunting
LAO,1,3,79,17,Asia,Lower Middle Income,6.4,2,43.8,26.5,Stunting
VNM,1,3,79,16,Asia,Lower Middle Income,11.3,2.7,33.7,23.8,Stunting
DZA,1,2,79,16,Africa,Upper Middle Income,9.6,14.7,23.3,11.1,Stunting
BEN,1,2,79,12,Africa,Low Income,8.4,11.4,44.7,20.2,Stunting
IRN,0,2,79,14,Asia,Upper Middle Income,8.1,5.5,24.4,13.8,Stunting
JOR,1,2,79,16,Asia,Lower Middle Income,2.4,4.7,7.8,3,Stunting
SLE,1,2,79,10,Africa,Low Income,10.2,5.9,46.9,28.3,Stunting
PSE,0,2,79,9,Asia,Lower Middle Income,9.4,,16.1,,Stunting
CHN,1,1,79,20,Asia,Upper Middle Income,2.4,5.5,19.8,6.9,Stunting
HTI,1,1,79,10,Latin America and the Caribbean,Low Income,10.3,3.9,29.7,18.9,Stunting
JOR,1,1,79,12,Asia,Lower Middle Income,3.8,8.6,20.5,4.8,Stunting
LSO,0,1,79,14,Africa,Lower Middle Income,22.4,,37.5,18.9,Stunting
IDN,1,3,79,18,Asia,Lower Middle Income,,,,35.9,Underweight
CRI,0,1,79,18,Latin America and the Caribbean,Upper Middle Income,,,,2,Underweight
CHL,0,3,80,19,Latin America and the Caribbean,High Income,0.3,9.8,2.1,0.6,Overweight
MKD,1,3,80,13,Europe,Upper Middle Income,3.4,16.2,11.5,1.8,Overweight
BGD,0,5,80,11,Asia,Lower Middle Income,15.1,0.2,65.8,55.2,Stunting
MMR,1,5,80,9,Asia,Lower Middle Income,9.6,9.7,55.4,28.1,Stunting
NGA,1,5,80,9,Africa,Lower Middle Income,14.4,10.5,41,26.7,Stunting
PSE,0,5,80,19,Asia,Lower Middle Income,3.6,4,10.6,3.6,Stunting
BTN,0,3,80,14,Asia,Lower Middle Income,4.7,4.4,34.9,10.4,Stunting
CIV,0,3,80,20,Africa,Lower Middle Income,10.3,,22.5,10.8,Stunting
CHN,1,1,80,9,Asia,Upper Middle Income,4.8,,38.3,18.7,Stunting
CHN,0,1,80,19,Asia,Upper Middle Income,1.9,,8.1,2.4,Stunting
GMB,0,1,80,10,Africa,Low Income,11.1,3.2,25,16.4,Stunting
TZA,0,1,80,12,Africa,Low Income,5.6,3.3,48.3,25.3,Stunting
CZE,1,3,80,20,Europe,High Income,4.6,4.4,2.6,2.1,Wasting
SRB,0,4,81,20,Europe,Upper Middle Income,3.5,15.6,6.6,1.6,Overweight
CHL,1,3,81,17,Latin America and the Caribbean,High Income,0.5,12,2.5,0.7,Overweight
CIV,0,5,81,17,Africa,Lower Middle Income,6.9,4.6,31.5,18.2,Stunting
GNQ,1,5,81,13,Africa,Upper Middle Income,9.2,14,42.6,15.7,Stunting
HND,0,5,81,14,Latin America and the Caribbean,Lower Middle Income,1.2,3,34.5,12.5,Stunting
NER,1,5,81,19,Africa,Low Income,18.7,3,43,37.9,Stunting
OMN,0,5,81,11,Asia,High Income,7.5,4.4,14.1,9.7,Stunting
VEN,1,5,81,19,Latin America and the Caribbean,Upper Middle Income,4,5.2,18.3,4.1,Stunting
GMB,0,4,81,18,Africa,Low Income,9.5,1.9,23.4,17.4,Stunting
GHA,0,4,81,16,Africa,Lower Middle Income,10.9,2.5,41.2,25.8,Stunting
GUY,1,4,81,14,Latin America and the Caribbean,Upper Middle Income,12.1,5.5,13.8,11.9,Stunting
JAM,1,4,81,18,Latin America and the Caribbean,Upper Middle Income,2.3,5.5,8.6,3.5,Stunting
NIC,1,4,81,10,Latin America and the Caribbean,Lower Middle Income,2.3,7.1,25.2,7.8,Stunting
ECU,1,3,81,10,Latin America and the Caribbean,Upper Middle Income,2.3,,40.2,14.5,Stunting
MRT,0,3,81,11,Africa,Lower Middle Income,19.1,,40.2,,Stunting
MNG,1,3,81,16,Asia,Lower Middle Income,7.1,12.7,29.8,11.6,Stunting
SEN,0,3,81,16,Africa,Low Income,10,3.2,29.5,20.3,Stunting
TLS,1,3,81,18,Asia,Lower Middle Income,13.7,5.7,55.7,40.6,Stunting
BGD,0,2,81,12,Asia,Lower Middle Income,20.6,1.7,59.7,52.5,Stunting
COM,1,1,81,14,Africa,Low Income,13.3,21.5,46.9,25,Stunting
GIN,1,1,81,13,Africa,Low Income,5.6,3.1,35.8,16.3,Stunting
MDV,1,1,81,9,Asia,Upper Middle Income,10.2,6.5,20.3,17.8,Stunting
MAR,1,1,81,13,Africa,Lower Middle Income,4.7,13.7,29,7.7,Stunting
TJK,1,1,81,15,Asia,Lower Middle Income,6.7,,39.2,15,Stunting
UZB,0,1,81,11,Asia,Lower Middle Income,10.7,15.9,39.5,13.3,Stunting
MYS,1,4,81,15,Asia,Upper Middle Income,,,,20.5,Underweight
IND,0,5,82,14,Asia,Lower Middle Income,17.1,2.9,54.2,46.3,Stunting
IDN,0,5,82,12,Asia,Lower Middle Income,5.4,1.5,41.6,23.4,Stunting
NPL,0,5,82,9,Asia,Low Income,6,,68.2,42.6,Stunting
PHL,1,5,82,16,Asia,Lower Middle Income,6.9,,43.3,29.9,Stunting
VEN,1,5,82,10,Latin America and the Caribbean,Upper Middle Income,4.8,5.5,16.2,4.1,Stunting
SLE,0,4,82,14,Africa,Low Income,9.4,8.9,37.9,18.1,Stunting
SUR,0,4,82,14,Latin America and the Caribbean,Upper Middle Income,4.9,4,10.7,7.5,Stunting
YEM,0,4,82,9,Asia,Lower Middle Income,14.3,8.1,52.4,29.6,Stunting
ZWE,1,4,82,17,Africa,Low Income,3.8,3.5,35.1,12.7,Stunting
BOL,0,3,82,16,Latin America and the Caribbean,Lower Middle Income,1.7,9.2,32.5,5.9,Stunting
MWI,0,3,82,18,Africa,Low Income,11,,63.6,26.3,Stunting
RWA,1,3,82,15,Africa,Low Income,11,,45.4,22.6,Stunting
THA,1,3,82,17,Asia,Upper Middle Income,6.7,4.7,18.1,15.4,Stunting
TTO,1,3,82,16,Latin America and the Caribbean,High Income,4.8,3.5,6.3,6.2,Stunting
VEN,0,3,82,13,Latin America and the Caribbean,Upper Middle Income,4.4,4.9,19.2,4.6,Stunting
BRA,0,2,82,9,Latin America and the Caribbean,Upper Middle Income,,,19.4,5.3,Stunting
BFA,1,2,82,19,Africa,Low Income,7.6,1.2,27.3,19.2,Stunting
DOM,0,2,82,11,Latin America and the Caribbean,Upper Middle Income,1.9,7.4,10.5,4.6,Stunting
GHA,1,2,82,20,Africa,Lower Middle Income,7,0.8,42.6,24.8,Stunting
IRQ,1,2,82,19,Asia,Upper Middle Income,6.6,5.5,28.3,12.9,Stunting
KEN,0,2,82,12,Africa,Lower Middle Income,7,5,35.2,16.4,Stunting
MNG,1,2,82,15,Asia,Lower Middle Income,4.3,7,30.1,10.8,Stunting
SEN,1,2,82,11,Africa,Low Income,8.7,0.7,15.5,14.4,Stunting
TZA,1,2,82,11,Africa,Low Income,7.9,5.7,49.7,25.1,Stunting
VEN,1,2,82,10,Latin America and the Caribbean,Upper Middle Income,4.3,4.9,18.3,4.5,Stunting
NGA,0,1,82,9,Africa,Lower Middle Income,13.4,13.3,42.8,25.7,Stunting
KOR,1,4,83,11,Asia,High Income,1.2,7.3,2.5,0.7,Overweight
LCA,0,1,83,20,Latin America and the Caribbean,Upper Middle Income,3.7,6.3,2.5,2.8,Overweight
BGD,1,5,83,13,Asia,Lower Middle Income,14,0.4,69.2,56.1,Stunting
CHN,0,5,83,18,Asia,Upper Middle Income,2.6,5.7,9,3.4,Stunting
CIV,0,5,83,18,Africa,Lower Middle Income,6,1.5,21.6,12.8,Stunting
MWI,1,5,83,9,Africa,Low Income,1.8,4.9,48.8,12.1,Stunting
MDA,0,5,83,12,Europe,Lower Middle Income,1.9,4.9,6.4,2.2,Stunting
BGD,0,4,83,19,Asia,Lower Middle Income,17.5,0.6,63.4,61.5,Stunting
IDN,0,4,83,14,Asia,Lower Middle Income,5.5,1.5,42.4,24.8,Stunting
IDN,1,4,83,14,Asia,Lower Middle Income,13.5,11.5,36.4,19.9,Stunting
KEN,1,4,83,18,Africa,Lower Middle Income,9.4,,39.8,19.8,Stunting
MRT,1,4,83,9,Africa,Lower Middle Income,14.8,1.3,27.9,24.9,Stunting
TUN,1,4,83,10,Africa,Lower Middle Income,3.1,3.7,18.5,7.9,Stunting
VEN,1,4,83,18,Latin America and the Caribbean,Upper Middle Income,4.4,5.4,17.3,4,Stunting
MDV,0,3,83,9,Asia,Upper Middle Income,16.1,1.2,36.1,32.5,Stunting
SYR,0,3,83,17,Asia,Lower Middle Income,10.3,19.7,31.1,11.1,Stunting
EGY,0,2,83,11,Africa,Lower Middle Income,4.1,14.4,31.3,8.2,Stunting
KAZ,1,2,83,14,Asia,Upper Middle Income,2.5,5.3,13.9,3.8,Stunting
TGO,1,2,83,14,Africa,Low Income,5.9,2.9,40.7,21.7,Stunting
CAF,0,1,83,17,Africa,Low Income,7.4,1.8,40.7,23.5,Stunting
EGY,1,1,83,13,Africa,Lower Middle Income,5.7,14.7,34.9,10.8,Stunting
SLB,0,1,83,16,Oceania,Lower Middle Income,7.4,1.9,33.7,16.3,Stunting
LKA,1,5,83,13,Asia,Lower Middle Income,14.9,0.3,32.3,32.8,Underweight
LKA,0,1,83,13,Asia,Lower Middle Income,21.4,0.6,14.7,26.3,Underweight
KAZ,1,4,84,13,Asia,Upper Middle Income,4.1,13.3,13.1,3.7,Overweight
DZA,0,2,84,17,Africa,Upper Middle Income,4.1,12.4,11.7,3,Overweight
USA,1,1,84,14,Northern America,High Income,0.4,7,3.3,1.1,Overweight
COM,0,5,84,17,Africa,Low Income,5.3,,38.5,15.2,Stunting
GTM,1,5,84,10,Latin America and the Caribbean,Lower Middle Income,2.9,6.9,53.1,20.3,Stunting
PHL,1,5,84,10,Asia,Lower Middle Income,7.3,4.3,33.6,20.2,Stunting
SWZ,0,3,84,11,Africa,Lower Middle Income,2,9,25.5,5.8,Stunting
BGD,0,2,84,14,Asia,Lower Middle Income,14.3,1.4,36.1,32.6,Stunting
MRT,1,2,84,19,Africa,Lower Middle Income,15.3,3.8,39.5,30.4,Stunting
MOZ,1,2,84,17,Africa,Low Income,6.8,,49.6,23,Stunting
BDI,1,1,84,18,Africa,Low Income,5.1,1.4,55.9,29.3,Stunting
CIV,1,1,84,17,Africa,Lower Middle Income,8.4,8.4,40.1,16.7,Stunting
CIV,1,1,84,15,Africa,Lower Middle Income,7.6,3.2,29.6,15.7,Stunting
RWA,1,1,84,19,Africa,Low Income,2.2,7.7,37.9,9.3,Stunting
TTO,0,1,84,18,Latin America and the Caribbean,High Income,5.2,4.9,5.3,4.4,Stunting
JAM,1,5,85,14,Latin America and the Caribbean,Upper Middle Income,3,7.3,6.6,3.8,Overweight
KWT,0,5,85,12,Asia,High Income,1.8,9,3.8,1.7,Overweight
JAM,1,2,85,14,Latin America and the Caribbean,Upper Middle Income,3.3,6.1,5.6,3.7,Overweight
KOR,1,2,85,15,Asia,High Income,0.9,6.2,2.5,0.9,Overweight
BGD,1,5,85,14,Asia,Lower Middle Income,15.5,0.3,63.8,54,Stunting
BFA,1,5,85,19,Africa,Low Income,10.9,,32.9,24.4,Stunting
NPL,0,5,85,20,Asia,Low Income,7.9,0.4,61.1,38.2,Stunting
NIC,1,5,85,11,Latin America and the Caribbean,Lower Middle Income,2.2,8.3,17.3,4.6,Stunting
TGO,1,5,85,16,Africa,Low Income,6.7,2,27.5,16.2,Stunting
BGD,1,4,85,13,Asia,Lower Middle Income,17.5,1.1,43.2,41.3,Stunting
VEN,1,4,85,13,Latin America and the Caribbean,Upper Middle Income,4.1,6.4,13.4,2.9,Stunting
BGD,0,3,85,17,Asia,Lower Middle Income,15.7,1.9,41.4,36.8,Stunting
ETH,1,3,85,9,Africa,Low Income,10.1,1.8,44.2,29.2,Stunting
GTM,0,2,85,11,Latin America and the Caribbean,Lower Middle Income,0.7,4.7,46.5,12.6,Stunting
NPL,1,2,85,10,Asia,Low Income,12.7,0.6,49.3,38.8,Stunting
PER,0,2,85,11,Latin America and the Caribbean,Upper Middle Income,0.6,,14.6,3.1,Stunting
SLB,0,2,85,19,Oceania,Lower Middle Income,7.9,3.9,31.6,15.5,Stunting
BGD,1,1,85,11,Asia,Lower Middle Income,15,0.2,59.3,50.7,Stunting
SLV,1,1,85,17,Latin America and the Caribbean,Lower Middle Income,2.2,3,36.7,11.1,Stunting
JAM,0,1,85,13,Latin America and the Caribbean,Upper Middle Income,2.5,3.8,11.1,5.6,Stunting
KIR,0,1,85,18,Oceania,Lower Middle Income,12.6,15.9,34.4,11.3,Stunting
LSO,0,1,85,17,Africa,Lower Middle Income,5.6,6.8,45.2,16.6,Stunting
LBR,0,1,85,17,Africa,Low Income,2.8,,41.8,14.9,Stunting
SRB,1,5,86,11,Europe,Upper Middle Income,4.5,19.3,8.1,1.8,Overweight
PRY,0,4,86,11,Latin America and the Caribbean,Upper Middle Income,2.6,11.7,10.9,2.6,Overweight
CHL,0,2,86,17,Latin America and the Caribbean,High Income,0.5,12.9,2.8,0.7,Overweight
MOZ,0,5,86,14,Africa,Low Income,9.6,,59.9,23.9,Stunting
QAT,0,5,86,15,Asia,High Income,2.1,10.4,11.6,4.8,Stunting
RWA,1,5,86,18,Africa,Low Income,5,4,56.8,24.3,Stunting
KHM,1,4,86,10,Asia,Lower Middle Income,10.8,1.9,40.9,29,Stunting
COL,1,3,86,14,Latin America and the Caribbean,Upper Middle Income,1.1,5.3,18.1,4.9,Stunting
ETH,1,3,86,15,Africa,Low Income,9.9,2.8,38.4,23.6,Stunting
GIN,1,3,86,14,Africa,Low Income,8.3,,40,20.8,Stunting
MEX,1,3,86,18,Latin America and the Caribbean,Upper Middle Income,1,5.2,12.4,3.9,Stunting
SLE,0,3,86,14,Africa,Low Income,10.5,10.1,37.4,21.3,Stunting
PRK,1,2,86,12,Asia,Low Income,5.2,0,32.4,18.8,Stunting
MRT,0,2,86,10,Africa,Lower Middle Income,11.6,1.2,22,19.5,Stunting
MEX,0,2,86,20,Latin America and the Caribbean,Upper Middle Income,2,7.6,15.5,3.4,Stunting
TUR,1,2,86,18,Asia,Upper Middle Income,1.1,9.1,15.6,3.5,Stunting
DZA,0,1,86,17,Africa,Upper Middle Income,9.6,13.2,22.5,11.3,Stunting
AGO,0,1,86,19,Africa,Lower Middle Income,8.6,1.6,61.7,37,Stunting
BGD,1,1,86,11,Asia,Lower Middle Income,12.5,1,47.8,38.9,Stunting
BLZ,0,1,86,9,Latin America and the Caribbean,Upper Middle Income,1.9,13.7,22.2,4.9,Stunting
IDN,0,2,86,13,Asia,Lower Middle Income,,,,23,Underweight
MYS,0,2,86,13,Asia,Upper Middle Income,,,,22.1,Underweight
PSE,1,3,87,13,Asia,Lower Middle Income,1.2,8.2,7.4,1.4,Overweight
MKD,1,1,87,17,Europe,Upper Middle Income,1.8,12.4,4.9,1.3,Overweight
IDN,0,5,87,9,Asia,Lower Middle Income,12.3,12.3,39.2,18.6,Stunting
TJK,1,5,87,13,Asia,Lower Middle Income,9.4,,42.1,,Stunting
KEN,1,4,87,11,Africa,Lower Middle Income,6.2,5.8,35.8,16.5,Stunting
SYR,1,4,87,9,Asia,Lower Middle Income,10,15,32.9,11.5,Stunting
CAF,0,3,87,16,Africa,Low Income,10.5,10.8,44.6,21.8,Stunting
COG,0,3,87,18,Africa,Lower Middle Income,8.2,5.9,21.2,12.3,Stunting
JAM,1,3,87,11,Latin America and the Caribbean,Upper Middle Income,3.2,4.4,14.7,7,Stunting
PAN,1,3,87,11,Latin America and the Caribbean,Upper Middle Income,,,22.2,5.1,Stunting
ZMB,1,3,87,13,Africa,Lower Middle Income,5.6,8.4,45.8,14.9,Stunting
COG,0,2,87,15,Africa,Lower Middle Income,6.6,1.6,30.1,16.4,Stunting
DOM,1,2,87,14,Latin America and the Caribbean,Upper Middle Income,2,6.9,13.9,4.7,Stunting
JOR,0,2,87,15,Asia,Lower Middle Income,1.6,6.6,8.3,1.9,Stunting
MLI,1,2,87,12,Africa,Low Income,11.3,0.5,35.8,28.6,Stunting
PAK,1,2,87,15,Asia,Lower Middle Income,14.8,6.4,43,30.9,Stunting
VEN,1,2,87,16,Latin America and the Caribbean,Upper Middle Income,4.5,6.3,14.6,3.2,Stunting
COG,0,1,87,9,Africa,Lower Middle Income,5.9,3.6,25,11.8,Stunting
ERI,0,1,87,10,Africa,Low Income,15.3,1.9,50.3,38.8,Stunting
JPN,1,1,87,17,Asia,High Income,2.3,1.5,7.1,3.4,Stunting
ROU,1,1,87,12,Europe,Upper Middle Income,3.6,10.1,15.3,3.4,Stunting
TGO,0,1,87,9,Africa,Low Income,6,,26.9,20.5,Stunting
TZA,0,1,87,10,Africa,Low Income,2.7,,43,15.9,Stunting
VNM,1,1,87,17,Asia,Lower Middle Income,9.7,3,30.5,20.2,Stunting
BLZ,1,3,87,12,Latin America and the Caribbean,Upper Middle Income,,,,5.4,Underweight
IDN,0,2,87,16,Asia,Lower Middle Income,,,,22.8,Underweight
DZA,0,5,88,16,Africa,Upper Middle Income,3.1,14.7,23.6,5.4,Stunting
ERI,0,5,88,17,Africa,Low Income,14.9,1.6,43.7,34.5,Stunting
GTM,1,5,88,19,Latin America and the Caribbean,Lower Middle Income,3.7,8.5,50,19.6,Stunting
KGZ,0,5,88,11,Asia,Lower Middle Income,1.3,4.4,22.6,4.7,Stunting
ZMB,0,5,88,14,Africa,Lower Middle Income,6.2,5.9,52.5,23.3,Stunting
BEN,1,4,88,14,Africa,Low Income,12.3,2.4,39.1,26.2,Stunting
COD,1,4,88,20,Africa,Low Income,20.9,6.5,44.4,33.6,Stunting
SLE,1,4,88,10,Africa,Low Income,9.2,10.3,44.9,21.1,Stunting
TZA,1,4,88,19,Africa,Low Income,8.5,4.6,49.7,26.9,Stunting
URY,1,4,88,12,Latin America and the Caribbean,High Income,1.3,7.2,10.7,4,Stunting
VNM,0,4,88,11,Asia,Lower Middle Income,6.1,2.5,43.4,26.7,Stunting
MDA,1,3,88,18,Europe,Lower Middle Income,5.8,9.1,11.3,3.2,Stunting
BTN,1,2,88,14,Asia,Lower Middle Income,2.5,3.9,47.7,14.1,Stunting
EGY,1,2,88,13,Africa,Lower Middle Income,7.9,20.5,30.7,6.8,Stunting
LSO,1,2,88,11,Africa,Lower Middle Income,2.8,7.4,33.2,10.3,Stunting
GNQ,0,1,88,10,Africa,Upper Middle Income,4,3.4,38.7,13.8,Stunting
MLI,0,1,88,14,Africa,Low Income,15.3,4.7,38.5,27.9,Stunting
CRI,0,4,88,9,Latin America and the Caribbean,Upper Middle Income,,,,2,Underweight
IDN,0,1,88,17,Asia,Lower Middle Income,,,,29.8,Underweight
FJI,1,1,88,15,Oceania,Upper Middle Income,9.8,2.2,4.3,6.9,Wasting
CHL,0,3,89,12,Latin America and the Caribbean,High Income,0.3,10.1,1.8,0.5,Overweight
CZE,1,3,89,16,Europe,High Income,2.8,6.7,3.1,0.9,Overweight
TUR,1,3,89,12,Asia,Upper Middle Income,1.7,10.9,9.5,1.9,Overweight
CHL,1,1,89,12,Latin America and the Caribbean,High Income,0.6,11.2,3.3,0.7,Overweight
GTM,1,4,89,18,Latin America and the Caribbean,Lower Middle Income,1.1,4.9,48,13,Stunting
GNB,1,4,89,16,Africa,Low Income,8.9,17,47.7,17.4,Stunting
JAM,1,4,89,10,Latin America and the Caribbean,Upper Middle Income,2.9,5.7,6.4,4.1,Stunting
MAR,1,4,89,12,Africa,Lower Middle Income,3.9,5.5,34.5,12.7,Stunting
PER,0,4,89,17,Latin America and the Caribbean,Upper Middle Income,0.4,,17.5,3.5,Stunting
BTN,0,3,89,13,Asia,Lower Middle Income,5.2,3.5,60.9,34,Stunting
EGY,1,3,89,17,Africa,Lower Middle Income,9.5,15.7,22.3,7,Stunting
IDN,0,3,89,18,Asia,Lower Middle Income,14.9,6.5,48.1,30.3,Stunting
KGZ,1,3,89,18,Asia,Lower Middle Income,3.4,10.7,18.1,2.7,Stunting
MEX,0,3,89,13,Latin America and the Caribbean,Upper Middle Income,2.3,7.6,21.7,6,Stunting
NGA,0,3,89,17,Africa,Lower Middle Income,7.2,1.6,32.9,19.4,Stunting
VEN,0,3,89,16,Latin America and the Caribbean,Upper Middle Income,3.8,4.7,18.9,4.1,Stunting
CMR,1,2,89,12,Africa,Lower Middle Income,6.2,8.7,35.4,15.1,Stunting
GUY,1,2,89,13,Latin America and the Caribbean,Upper Middle Income,5.3,6.7,19.5,11.1,Stunting
JAM,1,2,89,10,Latin America and the Caribbean,Upper Middle Income,2.5,5.9,6.3,2.3,Stunting
BDI,0,1,89,14,Africa,Low Income,6.1,2.9,57.5,29.1,Stunting
CHN,0,1,89,13,Asia,Upper Middle Income,2.5,3.4,17.8,7.4,Stunting
KEN,0,1,89,20,Africa,Lower Middle Income,4,4.1,26,11,Stunting
MLI,1,1,89,14,Africa,Low Income,12.6,3.1,42.7,30.1,Stunting
PAK,1,4,89,18,Asia,Lower Middle Income,,,,34.2,Underweight
MMR,0,1,89,12,Asia,Lower Middle Income,,,,38.7,Underweight
CRI,1,2,90,20,Latin America and the Caribbean,Upper Middle Income,2.4,9.5,8.2,3.8,Overweight
BFA,1,5,90,13,Africa,Low Income,15.7,1.9,45.5,33.7,Stunting
GHA,1,5,90,18,Africa,Lower Middle Income,8.4,4.5,35.6,18.8,Stunting
TGO,0,5,90,11,Africa,Low Income,,,40.2,16.7,Stunting
UGA,1,5,90,19,Africa,Low Income,5,4.9,44.8,19,Stunting
VNM,1,5,90,20,Asia,Lower Middle Income,10.9,2.2,35.4,24.6,Stunting
AFG,0,4,90,12,Asia,Low Income,9.5,5.4,40.9,25,Stunting
KHM,1,4,90,15,Asia,Lower Middle Income,8.9,2,39.5,28.8,Stunting
TCD,0,4,90,15,Africa,Low Income,13.9,2.7,39.3,29.4,Stunting
PRK,1,4,90,19,Asia,Low Income,4,,27.9,15.2,Stunting
DJI,0,4,90,18,Africa,Lower Middle Income,21.5,8.1,33.5,29.8,Stunting
DOM,1,4,90,14,Latin America and the Caribbean,Upper Middle Income,2.3,8.3,10.1,3.4,Stunting
ETH,1,4,90,15,Africa,Low Income,12.3,5.1,50.7,34.6,Stunting
JOR,0,4,90,12,Asia,Lower Middle Income,2.5,4.7,12,3.6,Stunting
MWI,1,4,90,13,Africa,Low Income,6.3,10.2,52.5,18.4,Stunting
TLS,0,3,90,13,Asia,Lower Middle Income,18.9,5.8,57.7,45.3,Stunting
GNB,1,2,90,13,Africa,Low Income,6,2.3,27.6,17,Stunting
ZWE,0,2,90,16,Africa,Low Income,3.2,5.6,26.8,8.4,Stunting
HTI,1,1,90,15,Latin America and the Caribbean,Low Income,5.9,,40.1,23.7,Stunting
ZAF,1,1,90,20,Africa,Upper Middle Income,7.4,19.2,32.8,11.6,Stunting
CHL,1,3,91,11,Latin America and the Caribbean,High Income,0.5,10.1,4.2,0.8,Overweight
TUN,1,1,91,9,Africa,Lower Middle Income,2.8,14.3,10.1,2.3,Overweight
HND,0,5,91,11,Latin America and the Caribbean,Lower Middle Income,1.6,2.8,38.6,17.9,Stunting
IDN,1,5,91,19,Asia,Lower Middle Income,14.8,11.2,40.1,19.6,Stunting
MNG,0,5,91,18,Asia,Lower Middle Income,2.7,14.2,27.5,5.3,Stunting
PAK,1,5,91,13,Asia,Lower Middle Income,12.5,5.4,54.5,39,Stunting
PHL,0,5,91,16,Asia,Lower Middle Income,8,1.9,38.3,28.3,Stunting
GIN,1,4,91,10,Africa,Low Income,9.9,3.8,31.3,18.7,Stunting
NGA,0,4,91,20,Africa,Lower Middle Income,11.2,6.2,43,27.2,Stunting
VEN,0,4,91,16,Latin America and the Caribbean,Upper Middle Income,4.5,4.3,18.2,5.4,Stunting
ARM,0,3,91,17,Asia,Lower Middle Income,4.2,16.8,20.8,5.3,Stunting
BDI,1,3,91,19,Africa,Low Income,8.2,1.4,63.1,38.9,Stunting
PER,0,3,91,16,Latin America and the Caribbean,Upper Middle Income,1.6,9.9,31.6,5.7,Stunting
PER,0,3,91,18,Latin America and the Caribbean,Upper Middle Income,0.7,8.1,23.3,4.3,Stunting
ZAF,1,3,91,20,Africa,Upper Middle Income,2.5,13.3,27.4,5.9,Stunting
UGA,1,3,91,13,Africa,Low Income,3.1,3.6,47.6,19.7,Stunting
UGA,0,3,91,13,Africa,Low Income,4.3,5.8,34.2,12,Stunting
ETH,0,2,91,11,Africa,Low Income,12.4,2,57.4,42,Stunting
IND,1,2,91,11,Asia,Lower Middle Income,20,1.9,47.9,43.5,Stunting
NER,0,2,91,11,Africa,Low Income,19.8,1.1,50.7,46.9,Stunting
URY,1,2,91,12,Latin America and the Caribbean,High Income,2.8,11.5,15.8,5.1,Stunting
ZWE,0,2,91,10,Africa,Low Income,5.3,6.4,28.5,11.8,Stunting
CHN,0,1,91,16,Asia,Upper Middle Income,5,13.6,31.2,10.7,Stunting
COL,0,1,91,15,Latin America and the Caribbean,Upper Middle Income,1.5,4.2,16.2,5.1,Stunting
DJI,0,1,91,9,Africa,Lower Middle Income,12.5,,28,20.2,Stunting
ECU,0,1,91,11,Latin America and the Caribbean,Upper Middle Income,3.2,,32.5,12.5,Stunting
ECU,0,1,91,13,Latin America and the Caribbean,Upper Middle Income,2.3,7.5,25.2,6.4,Stunting
GAB,0,1,91,11,Africa,Upper Middle Income,4.3,5.6,26.3,8.8,Stunting
MNG,0,1,91,15,Asia,Lower Middle Income,2.4,,33.1,11.8,Stunting
PER,0,1,91,20,Latin America and the Caribbean,Upper Middle Income,0.8,9.8,28.2,4.5,Stunting
PHL,1,1,91,10,Asia,Lower Middle Income,7.1,3.9,33.4,21.5,Stunting
GEO,0,4,92,9,Asia,Lower Middle Income,3.1,17.9,16.1,2.7,Overweight
ARM,1,5,92,17,Asia,Lower Middle Income,3.3,10.8,15.1,2.7,Stunting
GUY,1,5,92,19,Latin America and the Caribbean,Upper Middle Income,8.3,6.8,18.2,10.8,Stunting
MWI,0,5,92,14,Africa,Low Income,6.6,9.9,55.8,24.4,Stunting
MOZ,1,5,92,14,Africa,Low Income,5.4,6.3,47,21.2,Stunting
SUR,1,5,92,16,Latin America and the Caribbean,Upper Middle Income,7,2.9,14.5,11.4,Stunting
KGZ,0,4,92,10,Asia,Lower Middle Income,2.8,9,17.8,3.7,Stunting
SEN,1,4,92,10,Africa,Low Income,8.2,,28.8,19.6,Stunting
ZAF,0,4,92,13,Africa,Upper Middle Income,,,31.5,,Stunting
SLV,0,3,92,14,Latin America and the Caribbean,Lower Middle Income,2.1,6.4,13.6,5,Stunting
KEN,1,3,92,20,Africa,Lower Middle Income,7.4,8.1,41,17.5,Stunting
VEN,0,3,92,11,Latin America and the Caribbean,Upper Middle Income,3.8,5,19.9,4.5,Stunting
DZA,1,2,92,10,Africa,Upper Middle Income,4,,16.9,8,Stunting
SEN,0,2,92,9,Africa,Low Income,9.8,2.8,28.7,19.2,Stunting
SWZ,0,2,92,12,Africa,Lower Middle Income,1.7,14.9,36.6,9.1,Stunting
TJK,0,2,92,17,Asia,Lower Middle Income,5.9,,42.4,,Stunting
TZA,1,2,92,15,Africa,Low Income,4.3,5.2,37.1,13,Stunting
ZAF,1,1,92,19,Africa,Upper Middle Income,4.8,13.3,24.9,8.8,Stunting
VEN,0,1,92,10,Latin America and the Caribbean,Upper Middle Income,3.9,5.3,17.4,3.9,Stunting
LKA,1,2,92,15,Asia,Lower Middle Income,15.3,,26.1,29.3,Underweight
BOL,0,1,92,9,Latin America and the Caribbean,Lower Middle Income,,,,9.8,Underweight
CHL,0,2,93,17,Latin America and the Caribbean,High Income,0.5,12.1,2.4,0.6,Overweight
CHL,0,1,93,11,Latin America and the Caribbean,High Income,0.3,9.3,1.8,0.5,Overweight
KHM,0,5,93,14,Asia,Lower Middle Income,13.4,6.5,58.6,42.6,Stunting
COL,0,5,93,11,Latin America and the Caribbean,Upper Middle Income,0.9,4.8,12.7,3.4,Stunting
LBY,1,5,93,9,Africa,Upper Middle Income,3.6,13.4,21.1,4.2,Stunting
NIC,0,5,93,12,Latin America and the Caribbean,Lower Middle Income,2.4,5.7,29.6,9.6,Stunting
SSD,1,5,93,16,Africa,Low Income,24.6,10.9,36.2,32.5,Stunting
BFA,1,4,93,18,Africa,Low Income,15.4,2.8,35.1,26.2,Stunting
PHL,0,4,93,9,Asia,Lower Middle Income,8.8,1.7,40.9,29.8,Stunting
URY,1,4,93,10,Latin America and the Caribbean,High Income,3,9.4,13.9,6,Stunting
ARM,1,3,93,10,Asia,Lower Middle Income,2.5,16,17.7,2.6,Stunting
BFA,0,3,93,10,Africa,Low Income,11.3,,35.1,26,Stunting
DOM,0,3,93,16,Latin America and the Caribbean,Upper Middle Income,1.5,6.9,8,3.5,Stunting
MMR,0,3,93,14,Asia,Lower Middle Income,10.7,2.4,40.6,29.6,Stunting
AFG,1,2,93,16,Asia,Low Income,18.2,6.5,53.2,44.9,Stunting
BWA,1,2,93,14,Africa,Upper Middle Income,13.2,,35.1,15.1,Stunting
LBR,0,2,93,12,Africa,Low Income,7.8,4.2,39.4,20.4,Stunting
NAM,0,2,93,10,Africa,Upper Middle Income,9.6,4.5,35.7,21.5,Stunting
SEN,0,2,93,18,Africa,Low Income,8.7,2.4,20.1,14.5,Stunting
UGA,1,2,93,17,Africa,Low Income,5.9,5,45.7,20.8,Stunting
TZA,0,2,93,11,Africa,Low Income,6.6,,34.8,13.6,Stunting
ZWE,0,2,93,11,Africa,Low Income,3.1,5.8,32.3,10.1,Stunting
BGD,0,1,93,12,Asia,Lower Middle Income,13.7,0.6,59.9,49.5,Stunting
ETH,1,1,93,15,Africa,Low Income,9.2,,66.9,41.9,Stunting
LBR,1,1,93,18,Africa,Low Income,7.4,4.6,45.3,22.8,Stunting
NIC,1,1,93,13,Latin America and the Caribbean,Lower Middle Income,3.3,7,30.5,10.3,Stunting
NER,1,1,93,13,Africa,Low Income,16.2,1.6,54.2,43.6,Stunting
IDN,1,3,93,19,Asia,Lower Middle Income,,,,25.8,Underweight
CAN,1,5,94,20,Northern America,High Income,,10.4,,,Overweight
CHL,1,5,94,16,Latin America and the Caribbean,High Income,0.5,10.9,3.9,0.8,Overweight
BIH,0,2,94,15,Europe,Upper Middle Income,7.4,16.3,12.1,4.2,Overweight
ALB,0,1,94,11,Europe,Upper Middle Income,9.4,23.4,23.1,6.3,Overweight
BOL,1,5,94,13,Latin America and the Caribbean,Lower Middle Income,1.6,10.7,33.1,5.9,Stunting
BDI,0,5,94,12,Africa,Low Income,6.7,1.3,56.2,33.6,Stunting
SOM,1,5,94,9,Africa,Low Income,13.2,4.7,42.1,32.8,Stunting
TLS,0,5,94,19,Asia,Lower Middle Income,24.5,,53.9,48.6,Stunting
BDI,0,4,94,17,Africa,Low Income,9,,57.7,35.2,Stunting
CMR,1,4,94,9,Africa,Lower Middle Income,4.5,4.7,36.3,18,Stunting
JAM,0,4,94,12,Latin America and the Caribbean,Upper Middle Income,3.5,4,4.8,3.2,Stunting
NRU,0,4,94,17,Oceania,Upper Middle Income,1,2.8,24,4.8,Stunting
NPL,0,4,94,12,Asia,Low Income,11.2,1.5,40.5,29.1,Stunting
VNM,1,4,94,19,Asia,Lower Middle Income,13.5,,52.5,40.6,Stunting
BRA,0,3,94,11,Latin America and the Caribbean,Upper Middle Income,2.8,6.6,13.5,4.5,Stunting
ECU,0,3,94,20,Latin America and the Caribbean,Upper Middle Income,1.6,8,23.9,5.1,Stunting
MLI,1,3,94,20,Africa,Low Income,22,2.3,39.9,37.7,Stunting
SUR,0,3,94,17,Latin America and the Caribbean,Upper Middle Income,5,4,8.8,5.8,Stunting
THA,1,3,94,10,Asia,Upper Middle Income,4.7,8,15.7,7,Stunting
TZA,0,3,94,19,Africa,Low Income,3.5,4.9,44.4,16.7,Stunting
VNM,1,3,94,13,Asia,Lower Middle Income,11.9,1.4,42.1,35.8,Stunting
CHN,1,2,94,12,Asia,Upper Middle Income,2.3,6.6,9.4,3.4,Stunting
NPL,1,2,94,9,Asia,Low Income,9.7,1.2,35.8,27,Stunting
PHL,0,2,94,15,Asia,Lower Middle Income,9.1,,38.9,26.3,Stunting
SLB,1,2,94,18,Oceania,Lower Middle Income,4.3,2.5,32.8,11.5,Stunting
BFA,0,1,94,15,Africa,Low Income,8.1,0.8,31.3,20.9,Stunting
COD,0,1,94,19,Africa,Low Income,14,6.8,45.8,28.2,Stunting
GHA,0,1,94,11,Africa,Lower Middle Income,6.1,2.6,28.1,13.9,Stunting
MMR,0,1,94,11,Asia,Lower Middle Income,12.7,,53.6,37,Stunting
MYS,0,1,94,14,Asia,Upper Middle Income,,,,23.1,Underweight
CHL,1,4,95,13,Latin America and the Caribbean,High Income,0.7,15.4,13.5,2.2,Overweight
KWT,0,4,95,15,Asia,High Income,2.7,7.8,4.8,3.1,Overweight
KWT,1,3,95,16,Asia,High Income,2.2,6.6,3.6,2.1,Overweight
ARG,1,1,95,17,Latin America and the Caribbean,Upper Middle Income,1.6,11.1,7.1,1.7,Overweight
ROU,0,5,95,18,Europe,Upper Middle Income,3.9,9.1,14,3.8,Stunting
SWZ,0,5,95,19,Africa,Lower Middle Income,1.1,,40.4,7.3,Stunting
MNG,1,4,95,16,Asia,Lower Middle Income,1.8,6.7,15.6,4.7,Stunting
GMB,1,3,95,10,Africa,Low Income,9.6,1.1,21.2,18,Stunting
PAK,1,3,95,14,Asia,Lower Middle Income,10.5,4.8,45,31.6,Stunting
UZB,1,3,95,16,Asia,Lower Middle Income,4.5,12.8,19.6,4.4,Stunting
ZMB,0,3,95,19,Africa,Lower Middle Income,6.3,4.7,46.4,21.2,Stunting
BEN,0,2,95,11,Africa,Low Income,9,3,39.1,21.5,Stunting
GTM,0,2,95,9,Latin America and the Caribbean,Lower Middle Income,1.8,5.6,54.3,17.7,Stunting
PER,1,2,95,20,Latin America and the Caribbean,Upper Middle Income,1,,13.1,3.1,Stunting
TGO,1,2,95,20,Africa,Low Income,16.3,4.7,27.8,22.3,Stunting
CPV,0,1,95,9,Africa,Lower Middle Income,4.2,,26.8,13.7,Stunting
COL,1,1,95,12,Latin America and the Caribbean,Upper Middle Income,1,4.2,26.6,8.9,Stunting
RWA,0,1,95,17,Africa,Low Income,3,7.1,44.3,11.7,Stunting
SWZ,0,1,95,14,Africa,Lower Middle Income,0.8,10.7,31,5.8,Stunting
TJK,1,1,95,11,Asia,Lower Middle Income,9.9,6.6,26.8,13.3,Stunting
TUN,0,1,95,9,Africa,Lower Middle Income,3.4,8.8,9,3.3,Stunting
VNM,1,1,95,9,Asia,Lower Middle Income,4.4,4.6,23.3,12,Stunting
KWT,0,5,96,20,Asia,High Income,3.4,7.1,4.1,2.8,Overweight
BIH,1,2,96,16,Europe,Upper Middle Income,4,25.6,11.8,1.6,Overweight
DOM,0,1,96,14,Latin America and the Caribbean,Upper Middle Income,2.4,7.6,7.1,4,Overweight
EGY,0,5,96,9,Africa,Lower Middle Income,4.5,14.9,34.9,10.5,Stunting
GMB,1,5,96,15,Africa,Low Income,,,36.1,23.2,Stunting
HND,0,5,96,19,Latin America and the Caribbean,Lower Middle Income,2.1,,42.5,15.8,Stunting
IND,0,5,96,11,Asia,Lower Middle Income,15.1,,38.7,29.4,Stunting
IRQ,0,5,96,14,Asia,Upper Middle Income,6.9,,20,8,Stunting
PAK,1,5,96,10,Asia,Lower Middle Income,24,7.8,62.5,44.4,Stunting
AZE,0,4,96,14,Asia,Upper Middle Income,3.2,4.4,18,5.9,Stunting
BGD,0,4,96,18,Asia,Lower Middle Income,16.7,0.2,67.3,58,Stunting
BOL,0,4,96,20,Latin America and the Caribbean,Lower Middle Income,3.6,6.7,37.1,11,Stunting
MYS,1,4,96,11,Asia,Upper Middle Income,8,7.1,17.7,12.4,Stunting
STP,1,4,96,19,Africa,Lower Middle Income,3.9,9.2,35.2,10.1,Stunting
ZMB,0,4,96,19,Africa,Lower Middle Income,,,58.1,,Stunting
BWA,1,3,96,9,Africa,Upper Middle Income,7.2,11.2,31.4,11.2,Stunting
IRQ,1,3,96,10,Asia,Upper Middle Income,5.8,15,27.5,7.1,Stunting
AZE,0,1,96,12,Asia,Upper Middle Income,6.6,10.4,16.4,6.5,Stunting
GHA,1,1,96,17,Africa,Lower Middle Income,9.9,2.7,31.3,20.3,Stunting
KIR,1,5,96,14,Oceania,Lower Middle Income,,,,14.9,Underweight
TUR,1,5,96,19,Asia,Upper Middle Income,,,,9,Underweight
ZWE,0,4,96,16,Africa,Low Income,,,,10.5,Underweight
KWT,1,3,97,14,Asia,High Income,2.2,9.3,5.1,2.3,Overweight
CMR,1,5,97,11,Africa,Lower Middle Income,7.3,9.6,36.4,16.6,Stunting
IRN,0,5,97,13,Asia,Upper Middle Income,4,,6.8,4.1,Stunting
MAR,0,5,97,18,Africa,Lower Middle Income,2.6,10.7,29.9,8.1,Stunting
TUR,0,5,97,17,Asia,Upper Middle Income,3,4,19.1,7,Stunting
AFG,1,4,97,15,Asia,Low Income,8.6,4.6,59.3,32.9,Stunting
BOL,1,4,97,16,Latin America and the Caribbean,Lower Middle Income,1.6,,18.1,3.6,Stunting
JAM,1,4,97,14,Latin America and the Caribbean,Upper Middle Income,4.5,9.3,13.5,8.9,Stunting
NPL,1,4,97,9,Asia,Low Income,11.3,0.7,57.1,43,Stunting
VNM,0,4,97,16,Asia,Lower Middle Income,7.1,,29.3,17.5,Stunting
TZA,1,3,97,15,Africa,Low Income,3.8,,34.7,13.4,Stunting
EGY,1,2,97,15,Africa,Lower Middle Income,1.9,6.9,34,9.4,Stunting
KEN,1,2,97,16,Africa,Lower Middle Income,7.7,,40.9,18.4,Stunting
NIC,0,2,97,13,Latin America and the Caribbean,Lower Middle Income,0.3,5.2,18.8,4.3,Stunting
BOL,1,1,97,20,Latin America and the Caribbean,Lower Middle Income,1.4,8.7,27.2,4.5,Stunting
GHA,0,1,97,13,Africa,Lower Middle Income,6.2,2.6,22.7,13.4,Stunting
GTM,0,1,97,9,Latin America and the Caribbean,Lower Middle Income,3.8,6.2,55.4,21.7,Stunting
ZAF,0,1,97,20,Africa,Upper Middle Income,4.5,10.4,30.1,9.8,Stunting
TJK,1,1,97,14,Asia,Lower Middle Income,4.3,4.2,28.8,8.3,Stunting
MYS,1,5,97,16,Asia,Upper Middle Income,,,,17.7,Underweight
IDN,0,4,97,20,Asia,Lower Middle Income,,,,31,Underweight
CRI,1,1,97,17,Latin America and the Caribbean,Upper Middle Income,,,,2.5,Underweight
LKA,1,1,97,11,Asia,Lower Middle Income,17.5,,29.7,33.8,Underweight
MUS,0,5,97,14,Africa,Upper Middle Income,15.7,6.5,13.6,13,Wasting
KWT,0,5,98,20,Asia,High Income,2.4,8.7,5.8,3,Overweight
WSM,1,2,98,12,Oceania,Upper Middle Income,3.7,5.4,4.7,2.7,Overweight
KWT,1,1,98,9,Asia,High Income,2.4,9.5,4.3,2.2,Overweight
BGD,1,5,98,10,Asia,Lower Middle Income,15.2,0.3,73.6,61.2,Stunting
BFA,0,5,98,13,Africa,Low Income,24.4,6.9,42.4,37.6,Stunting
ECU,0,5,98,19,Latin America and the Caribbean,Upper Middle Income,2.3,5.1,29,6.2,Stunting
TJK,0,5,98,17,Asia,Lower Middle Income,6.1,,37.1,,Stunting
ARG,0,4,98,16,Latin America and the Caribbean,Upper Middle Income,4.2,13.5,16.9,4.7,Stunting
PRK,1,4,98,9,Asia,Low Income,20.8,,63.9,55.5,Stunting
ETH,1,4,98,9,Africa,Low Income,8.7,2.6,40.4,25.2,Stunting
PHL,1,4,98,13,Asia,Lower Middle Income,6.9,3.3,32.3,20.7,Stunting
SSD,1,4,98,19,Africa,Low Income,22.7,6,31.1,27.6,Stunting
VEN,0,4,98,13,Latin America and the Caribbean,Upper Middle Income,4,4.9,17.4,4,Stunting
ZWE,1,4,98,10,Africa,Low Income,1.7,5.4,31,8,Stunting
BFA,1,3,98,17,Africa,Low Income,15.5,2.8,40.7,29.6,Stunting
GUY,1,3,98,16,Latin America and the Caribbean,Upper Middle Income,6.4,5.3,12,8.5,Stunting
JAM,0,3,98,16,Latin America and the Caribbean,Upper Middle Income,4.5,5.2,9.5,4,Stunting
MWI,1,3,98,17,Africa,Low Income,3.8,5.1,42.4,16.7,Stunting
AZE,1,2,98,14,Asia,Upper Middle Income,3.8,6.1,28,8.8,Stunting
NGA,1,2,98,12,Africa,Lower Middle Income,20.6,5.5,43.8,35.1,Stunting
TLS,0,2,98,10,Asia,Lower Middle Income,11,1.5,50.2,37.7,Stunting
TUN,1,2,98,11,Africa,Lower Middle Income,7.2,1.4,11.9,3.3,Stunting
SLV,1,1,98,19,Latin America and the Caribbean,Lower Middle Income,1.3,5.8,24.6,6.1,Stunting
GMB,1,1,98,13,Africa,Low Income,7.4,2.7,27.6,15.8,Stunting
KEN,0,1,98,14,Africa,Lower Middle Income,5.5,,37,,Stunting
MOZ,0,1,98,12,Africa,Low Income,4.2,3.6,43.7,18.3,Stunting
TUN,1,1,98,12,Africa,Lower Middle Income,2.9,,16.8,3.5,Stunting
CRI,0,3,98,11,Latin America and the Caribbean,Upper Middle Income,,,,1.9,Underweight
SAU,1,1,98,20,Asia,High Income,11.8,6.1,9.3,5.3,Wasting
KWT,1,5,99,14,Asia,High Income,3.1,6,4.9,,Overweight
CRI,1,4,99,19,Latin America and the Caribbean,Upper Middle Income,1,8.1,5.6,1.1,Overweight
DEU,1,3,99,11,Europe,High Income,1,3.5,1.3,1.1,Overweight
JAM,0,2,99,20,Latin America and the Caribbean,Upper Middle Income,2.1,6.1,5.2,2,Overweight
AUS,1,1,99,16,Oceania,High Income,0,7.7,2,0.2,Overweight
DJI,0,5,99,15,Africa,Lower Middle Income,26,13.4,32.6,29.6,Stunting
MYS,0,5,99,17,Asia,Upper Middle Income,,,17.2,12.9,Stunting
MDV,0,5,99,10,Asia,Upper Middle Income,13.4,3.9,31.9,25.7,Stunting
MLI,0,5,99,12,Africa,Low Income,13.5,1.9,30.4,25,Stunting
URY,0,5,99,20,Latin America and the Caribbean,High Income,2.4,10,14.7,5.4,Stunting
ALB,0,4,99,13,Europe,Upper Middle Income,12.2,30,39.2,17,Stunting
KAZ,0,4,99,12,Asia,Upper Middle Income,6.4,4.1,23.3,4.4,Stunting
PRY,0,4,99,18,Latin America and the Caribbean,Upper Middle Income,1.1,7.1,17.5,3.4,Stunting
BFA,1,3,99,11,Africa,Low Income,10.2,,34.1,24.4,Stunting
BGD,1,2,99,12,Asia,Lower Middle Income,12.7,0.9,53.2,43.2,Stunting
GNQ,1,2,99,13,Africa,Upper Middle Income,3.1,9.7,26.2,5.6,Stunting
HND,1,2,99,20,Latin America and the Caribbean,Lower Middle Income,2.3,2.7,43.3,18.1,Stunting
HND,0,2,99,17,Latin America and the Caribbean,Lower Middle Income,2.7,,45.7,16.1,Stunting
NER,1,2,99,17,Africa,Low Income,18.9,2,48.3,41,Stunting
PNG,0,2,99,19,Oceania,Lower Middle Income,14.3,13.8,49.5,27.9,Stunting
SWZ,1,2,99,16,Africa,Lower Middle Income,2.9,11.4,29.5,6.1,Stunting
UGA,0,2,99,18,Africa,Low Income,3.6,3.7,28.9,10.5,Stunting
AZE,1,1,99,19,Asia,Upper Middle Income,6.8,13.9,26.8,8.4,Stunting
FJI,1,1,99,16,Oceania,Upper Middle Income,6.3,5.1,7.5,5.3,Stunting
PNG,1,1,99,20,Oceania,Lower Middle Income,5.5,3.1,46,22.8,Stunting
SYC,1,3,100,20,Africa,High Income,4.3,10.2,7.9,3.6,Overweight
KWT,0,1,100,15,Asia,High Income,1.7,8.3,4,2.1,Overweight
COD,1,5,100,12,Africa,Low Income,8.1,4.4,42.6,23.4,Stunting
PHL,1,5,100,15,Asia,Lower Middle Income,6,2.4,33.8,20.7,Stunting
LAO,0,4,100,13,Asia,Lower Middle Income,17.5,2.7,48.2,36.4,Stunting
SAU,1,4,100,11,Asia,High Income,2.9,1.2,21.4,13.5,Stunting
TUR,1,4,100,19,Asia,Upper Middle Income,3.8,5,24.1,8.7,Stunting
CHN,0,3,100,15,Asia,Upper Middle Income,3,9.2,21.8,6.8,Stunting
VNM,0,3,100,17,Asia,Lower Middle Income,6.6,4.6,25.9,15.3,Stunting
OMN,1,2,100,17,Asia,High Income,7.2,1,21.1,10.4,Stunting
PER,0,2,100,18,Latin America and the Caribbean,Upper Middle Income,0.6,10.3,23.9,4.3,Stunting
SEN,0,2,100,19,Africa,Low Income,5.1,2.3,26.5,17,Stunting
SOM,1,1,100,15,Africa,Low Income,19.3,,29.2,22.8,Stunting
TKM,1,1,100,9,Asia,Upper Middle Income,7.2,4.5,18.9,9.2,Stunting
JAM,0,5,101,17,Latin America and the Caribbean,Upper Middle Income,2.3,8.5,6.6,2.6,Overweight
ARG,0,4,101,14,Latin America and the Caribbean,Upper Middle Income,1.2,9.9,8.2,2.3,Overweight
MKD,1,4,101,15,Europe,Upper Middle Income,1.7,9.6,8,1.9,Overweight
AGO,1,5,101,16,Africa,Lower Middle Income,4.9,3.3,37.6,19,Stunting
VNM,1,5,101,11,Asia,Lower Middle Income,6.7,2.8,61.4,36.9,Stunting
DZA,0,4,101,15,Africa,Upper Middle Income,7.1,8.7,22.9,9.2,Stunting
ZAF,0,4,101,11,Africa,Upper Middle Income,3.3,10.3,28.7,8,Stunting
ZWE,0,4,101,9,Africa,Low Income,8.5,10.6,33.7,11.5,Stunting
VEN,1,3,101,13,Latin America and the Caribbean,Upper Middle Income,4.8,6.1,16.2,3.9,Stunting
TCD,0,2,101,12,Africa,Low Income,16.4,2.7,45,34.3,Stunting
DJI,0,2,101,12,Africa,Lower Middle Income,14.9,,31.7,16,Stunting
JAM,0,2,101,20,Latin America and the Caribbean,Upper Middle Income,4.4,,12.4,6.3,Stunting
LSO,0,2,101,14,Africa,Lower Middle Income,6.7,21,53,15,Stunting
NER,0,2,101,19,Africa,Low Income,10.3,,42.2,31.7,Stunting
NGA,0,2,101,19,Africa,Lower Middle Income,18.1,4.9,36.4,31,Stunting
PHL,1,2,101,9,Asia,Lower Middle Income,5.7,,44.7,29.3,Stunting
THA,1,2,101,10,Asia,Upper Middle Income,5.4,8.2,10.5,6.7,Stunting
BHR,0,1,101,12,Asia,High Income,6.6,,13.6,7.6,Stunting
BTN,0,1,101,20,Asia,Lower Middle Income,5.9,7.6,33.6,12.8,Stunting
GNB,0,1,101,14,Africa,Low Income,11.8,5.1,36.1,21.9,Stunting
KAZ,1,1,101,9,Asia,Upper Middle Income,4.9,16.9,17.5,4.9,Stunting
MMR,0,1,101,15,Asia,Lower Middle Income,7.9,2.6,35.1,22.6,Stunting
STP,0,1,101,13,Africa,Lower Middle Income,9.6,15.4,28.9,8,Stunting
IDN,1,3,101,17,Asia,Lower Middle Income,,,,24.4,Underweight
AUS,0,3,102,10,Oceania,High Income,0,7.9,0,0,Overweight
CHL,0,2,102,17,Latin America and the Caribbean,High Income,0.3,9.5,2,0.5,Overweight
KEN,1,5,102,12,Africa,Lower Middle Income,7.2,5.8,37.4,17.5,Stunting
EGY,0,4,102,16,Africa,Lower Middle Income,,,24.6,,Stunting
GHA,1,4,102,14,Africa,Lower Middle Income,4.7,2.6,18.8,11,Stunting
NPL,0,4,102,17,Asia,Low Income,12.6,0.7,65.7,47.1,Stunting
CAF,1,3,102,11,Africa,Low Income,8.7,3.7,41.5,24,Stunting
OMN,1,3,102,19,Asia,High Income,7.3,1.6,12.9,11.3,Stunting
BLZ,1,2,102,20,Latin America and the Caribbean,Upper Middle Income,1.8,7.3,15,4.6,Stunting
CHN,1,2,102,11,Asia,Upper Middle Income,3.9,7.2,38,14.2,Stunting
PRK,1,2,102,9,Asia,Low Income,12.2,,51,24.7,Stunting
DOM,1,2,102,12,Latin America and the Caribbean,Upper Middle Income,2.2,4.4,21.2,8.4,Stunting
IRN,1,2,102,11,Asia,Upper Middle Income,4.8,,7.1,4.6,Stunting
MMR,1,2,102,12,Asia,Lower Middle Income,10.7,2.4,40.8,30.1,Stunting
NGA,1,2,102,9,Africa,Lower Middle Income,10.2,3,36,24.4,Stunting
SYR,1,2,102,19,Asia,Lower Middle Income,4.9,,24.3,6,Stunting
VEN,1,2,102,14,Latin America and the Caribbean,Upper Middle Income,3.8,4.7,19.3,4.4,Stunting
BGD,0,1,102,13,Asia,Lower Middle Income,17.3,0.2,70.9,66.8,Stunting
MUS,0,1,102,11,Africa,Upper Middle Income,18.3,8.8,27.3,21.1,Stunting
ZMB,1,1,102,15,Africa,Lower Middle Income,5.7,12.3,57.9,19.6,Stunting
BOL,1,2,102,14,Latin America and the Caribbean,Lower Middle Income,,,,10.2,Underweight
MYS,1,1,102,16,Asia,Upper Middle Income,,,,22.6,Underweight
KWT,0,3,103,20,Asia,High Income,3.3,7.5,4.5,2.7,Overweight
GIN,0,5,103,12,Africa,Low Income,14,,35.3,21.2,Stunting
VEN,1,4,103,12,Latin America and the Caribbean,Upper Middle Income,5.2,5.3,17.7,4.6,Stunting
ZMB,1,4,103,20,Africa,Lower Middle Income,5.4,6.2,48.6,19.6,Stunting
BGD,0,3,103,9,Asia,Lower Middle Income,12.4,1,51.4,41,Stunting
SLV,0,3,103,19,Latin America and the Caribbean,Lower Middle Income,1.4,3.9,29.5,7.2,Stunting
OMN,0,3,103,17,Asia,High Income,7.1,1.7,9.8,8.6,Stunting
PHL,1,3,103,12,Asia,Lower Middle Income,7.9,5,30.3,19.9,Stunting
TZA,0,3,103,12,Africa,Low Income,4.5,3.6,34.4,13.7,Stunting
PER,0,2,103,19,Latin America and the Caribbean,Upper Middle Income,0.6,7.2,18.4,3.5,Stunting
GTM,1,1,103,15,Latin America and the Caribbean,Lower Middle Income,1.9,2.4,66.2,27.9,Stunting
PER,1,1,103,14,Latin America and the Caribbean,Upper Middle Income,1,9.1,29.8,5.4,Stunting
TJK,0,1,103,13,Asia,Lower Middle Income,11.4,,41.5,,Stunting
VEN,0,1,103,18,Latin America and the Caribbean,Upper Middle Income,3.8,5,17.9,3.9,Stunting
ZWE,1,1,103,10,Africa,Low Income,7.3,9.1,35.8,14,Stunting
BGR,1,4,104,18,Europe,Upper Middle Income,3.2,13.6,8.8,1.6,Overweight
OMN,1,5,104,15,Asia,High Income,7.8,8.4,24.2,18.6,Stunting
VNM,0,5,104,18,Asia,Lower Middle Income,9.9,3.1,31.8,22.1,Stunting
TCD,1,4,104,15,Africa,Low Income,15.7,2.8,38.7,30.3,Stunting
MYS,1,4,104,13,Asia,Upper Middle Income,11.5,6,20.7,13.7,Stunting
MEX,0,4,104,12,Latin America and the Caribbean,Upper Middle Income,1.6,9,13.6,2.8,Stunting
TGO,1,4,104,13,Africa,Low Income,4.8,1.6,29.8,16.5,Stunting
CIV,1,3,104,19,Africa,Lower Middle Income,8.3,2.5,34.2,20.3,Stunting
PNG,1,3,104,11,Oceania,Lower Middle Income,4.4,3.4,43.9,18.1,Stunting
TCD,1,2,104,16,Africa,Low Income,16.1,4.4,44.8,33.9,Stunting
COD,1,1,104,16,Africa,Low Income,8.5,4.9,43.5,24.2,Stunting
GUY,0,1,104,15,Latin America and the Caribbean,Upper Middle Income,13.3,1.9,14,10.3,Stunting
MRT,1,1,104,12,Africa,Lower Middle Income,17.4,6.8,54.8,43.3,Stunting
MNE,0,4,105,11,Europe,Upper Middle Income,4.2,15.6,7.9,2.2,Overweight
ARM,0,2,105,14,Asia,Lower Middle Income,4.2,13.6,9.4,2.6,Overweight
KWT,1,2,105,18,Asia,High Income,2.6,6.8,3.9,2.3,Overweight
KWT,0,2,105,10,Asia,High Income,2.4,7.8,4.1,1.7,Overweight
JAM,0,1,105,13,Latin America and the Caribbean,Upper Middle Income,3.6,8.5,6.2,2.3,Overweight
TTO,0,1,105,14,Latin America and the Caribbean,High Income,6.3,11.5,11,5.5,Overweight
UKR,0,1,105,9,Europe,Lower Middle Income,8.2,26.5,22.9,4.1,Overweight
ARM,0,5,105,17,Asia,Lower Middle Income,5.5,11.7,18.2,4.2,Stunting
BEN,1,5,105,18,Africa,Low Income,4.5,1.7,34,18,Stunting
IDN,1,5,105,17,Asia,Lower Middle Income,14.4,5.1,28.6,19.7,Stunting
TGO,1,5,105,10,Africa,Low Income,12.4,2.3,33.2,23.8,Stunting
BFA,1,4,105,16,Africa,Low Income,8.6,1.1,29,20,Stunting
STP,1,4,105,11,Africa,Lower Middle Income,11.2,11.6,31.6,14.4,Stunting
PER,1,3,105,19,Latin America and the Caribbean,Upper Middle Income,1.1,11.8,31.3,5.2,Stunting
SYR,1,3,105,11,Asia,Lower Middle Income,10.4,,26.5,11.3,Stunting
GHA,0,2,105,18,Africa,Lower Middle Income,8.7,5.9,28.6,14.3,Stunting
HND,1,2,105,12,Latin America and the Caribbean,Lower Middle Income,1.4,5.2,22.7,7.1,Stunting
NGA,1,2,105,10,Africa,Lower Middle Income,11.8,3.2,50.5,35.1,Stunting
YEM,0,2,105,18,Asia,Lower Middle Income,16.5,3.7,59.3,47.6,Stunting
HTI,0,1,105,20,Latin America and the Caribbean,Low Income,5.2,3.6,21.9,11.6,Stunting
IRQ,0,1,105,20,Asia,Upper Middle Income,4.4,,27.6,10.4,Stunting
IRQ,1,1,105,11,Asia,Upper Middle Income,5.6,,33.7,10.1,Stunting
LAO,0,1,105,13,Asia,Lower Middle Income,12.3,,52.9,35.9,Stunting
LSO,1,1,105,13,Africa,Lower Middle Income,3.2,,39.2,13.8,Stunting
SOM,1,1,105,12,Africa,Low Income,15,3,25.3,23,Stunting
MMR,0,4,105,15,Asia,Lower Middle Income,,,,32.5,Underweight
IDN,1,1,105,12,Asia,Lower Middle Income,,,,23.1,Underweight
USA,1,2,106,16,Northern America,High Income,0.5,7.8,2.7,0.8,Overweight
KWT,1,1,106,17,Asia,High Income,3.6,8.5,5.1,2.9,Overweight
SLE,1,5,106,17,Africa,Low Income,10.2,,40.9,25.4,Stunting
SYR,0,5,106,9,Asia,Lower Middle Income,11.5,17.9,27.5,10.1,Stunting
VUT,0,5,106,10,Oceania,Lower Middle Income,6.8,,25.7,10.6,Stunting
VEN,0,5,106,20,Latin America and the Caribbean,Upper Middle Income,5.2,5.2,17.1,4.5,Stunting
YEM,1,5,106,13,Asia,Lower Middle Income,15.2,5,57.7,43.1,Stunting
TUR,0,4,106,18,Asia,Upper Middle Income,0.8,,12.3,1.7,Stunting
VUT,1,4,106,11,Oceania,Lower Middle Income,4.4,4.6,28.5,10.7,Stunting
KHM,0,3,106,15,Asia,Lower Middle Income,8.3,1.7,43.7,28.4,Stunting
GMB,0,3,106,11,Africa,Low Income,8.9,3,24.1,15.4,Stunting
VEN,0,3,106,9,Latin America and the Caribbean,Upper Middle Income,4.8,5.4,17.6,4.2,Stunting
MDG,0,2,106,17,Africa,Low Income,15.2,6.2,52.8,36.8,Stunting
PSE,1,2,106,13,Asia,Lower Middle Income,1.8,11.4,11.8,2.2,Stunting
EGY,1,1,106,15,Africa,Lower Middle Income,5.3,14.1,23.8,5.4,Stunting
MEX,1,1,106,11,Latin America and the Caribbean,Upper Middle Income,6.1,11,26,9.6,Stunting
PRY,1,1,106,20,Latin America and the Caribbean,Upper Middle Income,0.6,6.3,18.3,2.8,Stunting
ZAF,1,1,106,16,Africa,Upper Middle Income,5.6,17.2,27.2,8.5,Stunting
KWT,0,5,107,13,Asia,High Income,1.7,8.9,5,1.5,Overweight
MNE,0,2,107,12,Europe,Upper Middle Income,2.8,22.3,9.4,1,Overweight
GIN,1,5,107,15,Africa,Low Income,9.9,4.3,34.3,21.2,Stunting
MNG,1,5,107,14,Asia,Lower Middle Income,0.6,6.1,23.5,4.8,Stunting
ROU,1,5,107,10,Europe,Upper Middle Income,4.3,8.9,12.8,3.7,Stunting
KGZ,0,4,107,10,Asia,Lower Middle Income,2.9,8.1,36.2,10.4,Stunting
MWI,0,4,107,18,Africa,Low Income,8.5,,53.8,26.5,Stunting
PER,0,4,107,19,Latin America and the Caribbean,Upper Middle Income,0.8,,14.4,3.4,Stunting
ROU,0,4,107,18,Europe,Upper Middle Income,3.5,8.3,12.8,3.5,Stunting
VNM,1,4,107,15,Asia,Lower Middle Income,10.1,2.9,32.2,22.6,Stunting
PRK,1,3,107,19,Asia,Low Income,8.7,0.9,44.7,17.8,Stunting
SEN,1,3,107,13,Africa,Low Income,9,4,34.4,20.4,Stunting
BGD,0,2,107,19,Asia,Lower Middle Income,12.5,0.9,50.8,42.3,Stunting
PRK,1,2,107,16,Asia,Low Income,8.5,,43.1,20.6,Stunting
IND,0,2,107,19,Asia,Lower Middle Income,20,,61.9,52.8,Stunting
NER,0,2,107,16,Africa,Low Income,12.4,3.5,54.8,39.9,Stunting
VEN,1,2,107,11,Latin America and the Caribbean,Upper Middle Income,5,6.1,15.6,3.7,Stunting
TCD,0,1,107,13,Africa,Low Income,13,2.5,39.9,28.8,Stunting
GAB,1,1,107,9,Africa,Upper Middle Income,3.4,7.7,17.5,6.5,Stunting
LKA,0,4,107,16,Asia,Lower Middle Income,14.7,1.6,17.3,21.1,Underweight
LKA,0,4,107,12,Asia,Lower Middle Income,11.8,0.8,19.2,21.6,Underweight
BOL,0,1,107,11,Latin America and the Caribbean,Lower Middle Income,,,,10.5,Underweight
